0,studioghifli
1,theartofanimation
3,mukuros
6,inluces
7,amy-box
8,sh-izukani
9,tsuiteru
10,bekki-chan
12,akkise
13,phazn
14,shadow-kat-13
15,fuyuuyume
16,shimizuchan
1,sasukechiha
5,palmpetals
7,anime-gifs-and-more
16,kireiharuka
17,geranialeshume
18,goku-z
3,shear-in-spuh-rey-shuhn
4,loumargi
11,katherinebarlow
12,theguardian.com
19,justanotherwasteofpaint
2,drxgonfly
7,residentevil2remake
13,roxy1294
19,instagram.com
0,turtle-32
2,meorzo
3,chibishi
4,whatismgmt
5,yuujin-ei
6,fujoshibabe
7,yuai
8,heartcountry
9,meiji-choco
10,shoujomangapictures
11,killuar
12,trashout
14,cifume
15,nareku
16,pixiv.net
17,s-ekki
1,noodlls
2,claysws
3,derikisu
4,chillin-likeavillainnn
5,yakumocchi
6,snnns
8,totallyspies
9,twitter.com
11,thomashaverford
12,masutrout
13,loveandjustice
14,jothelion
15,tonari8
16,anime-skeleton
17,dongwoonn
18,catfishghost
19,exotication
0,eb0shi
1,screencap-animu
2,theonlyjarose
3,animentality
5,secluded-soul
6,lilium
7,3daysmarch.net
8,agas0924
10,emptyshoppingmall
11,derufiniumus
13,jihen
14,microwavemagician
15,allosaurex
16,anue
18,versacetbh
5,hanae-ichihara
8,bwipsul
11,rosewaterhag
13,lotherings-rose
14,eternal-nox
18,smalllady
0,sexpai
1,instillmotion
2,noragami-ru-manga
3,mondroid
6,kurozero
7,orulyon-sama
8,ri-cha1
9,orange-takanoichigo
10,angrycucco
11,nitsumii
12,brideofthewatergod
13,tofuvi
14,mobpsycho100
15,dailyshoujo
16,lucinasfalchion
17,s-eita
18,bakusaiga
19,eggpuffs
0,machiontology
1,ramune-tea
2,catsubun
3,pinkcollapse
5,KVNAI
6,beshinoe
7,arcadehealer
8,jaboncito
9,osakiren
11,muacrt
12,takaramonos
13,nyancu
14,annsai44
15,royalspalettes
17,himacchi
18,lopbunnies
19,starduststorm-art
0,kaijohs
1,love
2,sickpage
14,touika
16,sublimepoint
17,nanzse
18,miuroko
